1,30+ Sunscreen,Banana Boat,BB134,15,7,3
2,Cold & Flu Tablets,Codral,CD456,19,9,4
3,Face Cleanser 100ml,Cetaphil,CP222,18.99,9,8
4,Plastic Strips 12pk,Band-Aid,BA123,8.50,5,7
5,Multivitamins 80pk,Natures Own,NO543,12.99,6,11
6,Toothpaste 190g,Colgate,CG333,4.5,2.5,8
7,Nourishing Lotion 400ml,Nivea,NL678,7,3.5,9
8,Dry Shampoo 200ml,Batiste,BT444,15,9,4
10,Pain Relief Tablets 12pk,Panadol,PD123,6,2,12
11,Mouthwash 300ml,Listerine,MW333,9.7,4,4
12,Shampoo 400ml,Pantene,PT345,9,5,6
13,Conditioner 400ml,Pantene,PT568,9,5,6
14,Body Wash 400ml,Dove,DV347,12,8,4
15,Cotton Tips 400pk,Swisspers,SW456,6,3,5
16,Ibuprofen Tablets 12pk,Nurofen,NF333,6,3,5
17,Cotton Balls 400pk,Swisspers,SW999,6,4,7
18,Fish Oil Tablets 80pk,Swisse,SS678,19,13,3
19,Baby Formula,OptiGold,OG542,17,13,2
21,Baby Wipes 50pk,Huggies,HG677,7,4,3
22,Baby Nappies 34pk,Huggies,HG522,15,9,4
23,Protein Powder,Bondi Protein Co,BP221,20,14,4
24,Makeup Wipes 25pk,Garnier,GN653,8,6,8
25,Eye Cream 20g,Natio,NT532,15,9,2
26,Waterproof Mascara,Maybelline,MB657,19,11,7
27,Hair Treatment,Tresemme,TS989,7,4,7
28,Hairbrush,Lady Jayne,LJ777,5,2,2
29,Toner,Garnier,GT345,9,6,5
